Data,Produto,Categoria,Quantidade,Preco,Total_Venda
2023-08-12,Notebook,Eletrônicos,4,3798.29,15193.16
2023-05-29,Teclado,Acessórios,5,158.88,794.4
2023-10-22,Cadeira,Móveis,2,965.92,1931.84
2023-09-08,Teclado,Acessórios,5,152.27,761.35
2023-09-11,Teclado,Acessórios,5,178.64,893.1999999999999
2023-08-10,Mouse,Acessórios,5,90.06,450.3
2023-09-08,Monitor,Eletrônicos,2,1113.54,2227.08
2023-11-11,Teclado,Acessórios,4,175.85,703.4
2023-05-16,Mesa,Móveis,3,1518.04,4554.12
2023-01-15,Notebook,Eletrônicos,3,4041.76,12125.28
2023-03-11,Notebook,Eletrônicos,2,4062.91,8125.82
2023-03-30,Mouse,Acessórios,3,83.04,249.12
2023-06-08,Cadeira,Móveis,1,925.61,925.61
2023-10-19,Cadeira,Móveis,3,759.36,2278.08
2023-08-15,Mouse,Acessórios,5,86.8,434.0
2023-02-06,Monitor,Eletrônicos,4,1405.62,5622.48
2023-09-06,Mesa,Móveis,2,1420.1,2840.2
2023-10-24,Cadeira,Móveis,5,1022.25,5111.25
2023-01-06,Cadeira,Móveis,2,1032.42,2064.84
2023-01-14,Notebook,Eletrônicos,2,3325.2,6650.4
2023-03-02,Mesa,Móveis,3,1240.42,3721.26
2023-08-23,Monitor,Eletrônicos,1,1208.92,1208.92
2023-03-04,Mouse,Acessórios,3,93.5,280.5
2023-12-10,Notebook,Eletrônicos,4,3481.94,13927.76
2023-06-02,Mouse,Acessórios,3,79.93,239.79000000000002
2023-12-07,Monitor,Eletrônicos,1,1177.69,1177.69
2023-12-01,Notebook,Eletrônicos,4,2816.61,11266.44
2023-07-05,Mesa,Móveis,1,1062.49,1062.49
2023-08-31,Notebook,Eletrônicos,1,2897.67,2897.67
2023-11-24,Monitor,Eletrônicos,1,1116.81,1116.81
2023-07-14,Mouse,Acessórios,1,80.61,80.61
2023-12-18,Mesa,Móveis,2,1521.65,3043.3
2023-01-19,Mesa,Móveis,1,1125.98,1125.98
2023-09-14,Notebook,Eletrônicos,4,4094.56,16378.24
2023-04-16,Cadeira,Móveis,2,746.09,1492.18
2023-06-16,Monitor,Eletrônicos,5,1327.49,6637.45
2023-11-28,Notebook,Eletrônicos,2,3462.9,6925.8
2023-05-21,Cadeira,Móveis,3,927.62,2782.86
2023-01-09,Monitor,Eletrônicos,3,1265.81,3797.43
2023-03-19,Notebook,Eletrônicos,3,3135.53,9406.59
2023-08-20,Mesa,Móveis,5,1335.03,6675.15
2023-10-31,Monitor,Eletrônicos,1,1414.54,1414.54
2023-01-23,Notebook,Eletrônicos,1,2968.42,2968.42
2023-09-09,Notebook,Eletrônicos,1,3797.53,3797.53
2023-05-01,Teclado,Acessórios,5,165.35,826.75
2023-12-21,Teclado,Acessórios,1,157.68,157.68
2023-09-17,Notebook,Eletrônicos,5,4043.35,20216.75
2023-11-11,Mouse,Acessórios,3,67.2,201.60000000000002
2023-08-04,Teclado,Acessórios,3,151.09,453.27
2023-10-12,Notebook,Eletrônicos,3,2812.03,8436.09
2023-03-22,Monitor,Eletrônicos,3,1251.82,3755.46
2023-01-16,Mesa,Móveis,1,1425.9,1425.9
2023-10-04,Monitor,Eletrônicos,5,1168.1,5840.5
2023-06-29,Mouse,Acessórios,5,70.82,354.09999999999997
2023-03-15,Monitor,Eletrônicos,5,1038.57,5192.849999999999
2023-08-14,Notebook,Eletrônicos,2,3857.89,7715.78
2023-06-04,Teclado,Acessórios,3,121.98,365.94
2023-05-24,Notebook,Eletrônicos,1,2979.47,2979.47
2023-05-12,Cadeira,Móveis,2,816.92,1633.84
2023-12-25,Cadeira,Móveis,5,1048.23,5241.15
2023-04-17,Mesa,Móveis,3,1218.15,3654.4500000000003
2023-06-06,Teclado,Acessórios,3,164.2,492.59999999999997
2023-12-21,Mesa,Móveis,1,1476.56,1476.56
2023-02-24,Monitor,Eletrônicos,1,1031.31,1031.31
2023-10-19,Mouse,Acessórios,4,71.3,285.2
2023-06-16,Mouse,Acessórios,2,65.24,130.48
2023-09-28,Cadeira,Móveis,5,1025.58,5127.9
2023-07-13,Monitor,Eletrônicos,4,1394.38,5577.52
2023-01-01,Mouse,Acessórios,1,92.29,92.29
2023-07-13,Mouse,Acessórios,2,78.52,157.04
2023-04-03,Teclado,Acessórios,3,130.35,391.04999999999995
2023-04-01,Mouse,Acessórios,1,81.78,81.78
2023-11-14,Teclado,Acessórios,1,172.94,172.94
2023-05-26,Cadeira,Móveis,1,748.81,748.81
2023-10-04,Mouse,Acessórios,4,75.81,303.24
2023-05-26,Monitor,Eletrônicos,4,1262.85,5051.4
2023-01-05,Teclado,Acessórios,1,157.0,157.0
2023-03-06,Mouse,Acessórios,1,89.22,89.22
2023-09-20,Notebook,Eletrônicos,5,3261.01,16305.050000000001
2023-01-21,Mouse,Acessórios,2,74.4,148.8
2023-01-18,Mouse,Acessórios,1,76.16,76.16
2023-08-06,Mesa,Móveis,1,1518.01,1518.01
2023-01-07,Teclado,Acessórios,4,166.81,667.24
2023-06-02,Teclado,Acessórios,4,175.65,702.6
2023-10-28,Monitor,Eletrônicos,2,1035.58,2071.16
2023-12-08,Mesa,Móveis,4,1524.44,6097.76
2023-05-23,Cadeira,Móveis,5,965.54,4827.7
2023-06-19,Cadeira,Móveis,1,829.48,829.48
2023-11-07,Mesa,Móveis,4,1425.26,5701.04
2023-11-06,Mesa,Móveis,4,1526.48,6105.92
2023-05-03,Teclado,Acessórios,4,139.43,557.72
2023-02-22,Cadeira,Móveis,3,1015.74,3047.2200000000003
2023-07-31,Notebook,Eletrônicos,4,4167.66,16670.64
2023-01-11,Notebook,Eletrônicos,3,4183.53,12550.59
2023-03-21,Teclado,Acessórios,5,148.81,744.05
2023-06-09,Cadeira,Móveis,3,820.81,2462.43
2023-03-12,Cadeira,Móveis,5,813.3,4066.5
2023-08-25,Notebook,Eletrônicos,4,3528.18,14112.72
2023-07-19,Cadeira,Móveis,3,953.02,2859.06
2023-10-20,Notebook,Eletrônicos,1,3188.45,3188.45
2023-06-27,Monitor,Eletrônicos,3,1133.44,3400.32
2023-08-16,Mouse,Acessórios,3,93.49,280.46999999999997
2023-07-26,Notebook,Eletrônicos,4,4198.11,16792.44
2023-10-31,Notebook,Eletrônicos,2,3117.68,6235.36
2023-01-28,Mouse,Acessórios,4,69.45,277.8
2023-01-04,Mesa,Móveis,5,1459.41,7297.05
2023-09-15,Monitor,Eletrônicos,2,1316.3,2632.6
2023-08-11,Monitor,Eletrônicos,2,1206.19,2412.38
2023-01-21,Cadeira,Móveis,4,895.72,3582.88
2023-01-17,Notebook,Eletrônicos,2,3137.36,6274.72
2023-02-12,Mesa,Móveis,5,1190.62,5953.099999999999
2023-10-05,Monitor,Eletrônicos,5,987.11,4935.55
2023-04-23,Mouse,Acessórios,1,66.96,66.96
2023-11-04,Cadeira,Móveis,1,962.31,962.31
2023-11-30,Teclado,Acessórios,2,123.43,246.86
2023-05-05,Cadeira,Móveis,1,1073.01,1073.01
2023-12-24,Mesa,Móveis,5,1305.61,6528.049999999999
2023-10-04,Mouse,Acessórios,3,70.21,210.63
2023-04-25,Cadeira,Móveis,4,1068.83,4275.32
2023-11-05,Mesa,Móveis,2,1260.54,2521.08
2023-05-31,Notebook,Eletrônicos,3,2941.17,8823.51
2023-11-25,Cadeira,Móveis,5,792.26,3961.3
2023-01-25,Cadeira,Móveis,1,786.17,786.17
2023-08-01,Monitor,Eletrônicos,5,1007.01,5035.05
2023-11-17,Notebook,Eletrônicos,3,2972.1,8916.3
2023-09-01,Notebook,Eletrônicos,1,3619.6,3619.6
2023-06-09,Monitor,Eletrônicos,1,1281.68,1281.68
2023-01-18,Mouse,Acessórios,2,82.97,165.94
2023-02-09,Mouse,Acessórios,5,66.73,333.65000000000003
2023-09-24,Notebook,Eletrônicos,4,3665.93,14663.72
2023-02-26,Monitor,Eletrônicos,5,1421.3,7106.5
2023-06-05,Mouse,Acessórios,3,88.14,264.42
2023-06-22,Notebook,Eletrônicos,4,2933.36,11733.44
2023-01-21,Teclado,Acessórios,1,169.67,169.67
2023-02-10,Notebook,Eletrônicos,3,3694.8,11084.400000000001
2023-08-29,Mouse,Acessórios,1,77.38,77.38
2023-03-05,Teclado,Acessórios,5,148.09,740.45
2023-08-30,Mouse,Acessórios,4,77.84,311.36
2023-01-18,Notebook,Eletrônicos,1,3550.54,3550.54
2023-01-08,Monitor,Eletrônicos,1,1324.32,1324.32
2023-01-14,Mesa,Móveis,3,1126.01,3378.0299999999997
2023-12-18,Teclado,Acessórios,2,148.85,297.7
2023-02-03,Teclado,Acessórios,3,121.51,364.53000000000003
2023-04-26,Cadeira,Móveis,2,720.01,1440.02
2023-07-07,Mouse,Acessórios,4,81.63,326.52
2023-08-21,Notebook,Eletrônicos,4,3516.44,14065.76
2023-07-21,Teclado,Acessórios,5,158.12,790.6
2023-11-06,Teclado,Acessórios,5,151.19,755.95
2023-04-08,Mouse,Acessórios,2,75.25,150.5
2023-07-07,Notebook,Eletrônicos,1,4164.21,4164.21
2023-11-15,Monitor,Eletrônicos,4,965.65,3862.6
2023-05-16,Notebook,Eletrônicos,5,3405.66,17028.3
2023-02-12,Notebook,Eletrônicos,4,2817.05,11268.2
2023-01-21,Teclado,Acessórios,3,135.64,406.91999999999996
2023-11-10,Cadeira,Móveis,4,780.89,3123.56
2023-01-22,Monitor,Eletrônicos,3,1266.15,3798.4500000000003
2023-03-27,Notebook,Eletrônicos,3,4125.18,12375.54
2023-05-24,Teclado,Acessórios,1,134.61,134.61
2023-02-27,Cadeira,Móveis,5,800.52,4002.6
2023-11-21,Teclado,Acessórios,5,136.44,682.2
2023-10-09,Mouse,Acessórios,1,76.35,76.35
2023-05-23,Notebook,Eletrônicos,2,3422.14,6844.28
2023-01-04,Cadeira,Móveis,3,752.66,2257.98
2023-06-27,Teclado,Acessórios,5,155.89,779.4499999999999
2023-02-17,Monitor,Eletrônicos,4,1281.86,5127.44
2023-06-16,Cadeira,Móveis,4,791.86,3167.44
2023-01-01,Monitor,Eletrônicos,2,992.38,1984.76
2023-09-19,Monitor,Eletrônicos,5,1097.93,5489.650000000001
2023-03-06,Teclado,Acessórios,5,128.9,644.5
2023-02-06,Mouse,Acessórios,4,73.72,294.88
2023-03-16,Mouse,Acessórios,5,73.25,366.25
2023-08-31,Mouse,Acessórios,3,82.28,246.84
2023-06-07,Notebook,Eletrônicos,2,3235.2,6470.4
2023-10-24,Monitor,Eletrônicos,5,1300.24,6501.2
2023-08-30,Monitor,Eletrônicos,4,960.78,3843.12
2023-05-21,Mouse,Acessórios,3,73.29,219.87
2023-10-02,Cadeira,Móveis,4,945.72,3782.88
2023-12-26,Mouse,Acessórios,4,75.22,300.88
2023-08-15,Monitor,Eletrônicos,4,1438.6,5754.4
2023-11-11,Monitor,Eletrônicos,5,1385.07,6925.349999999999
2023-08-14,Monitor,Eletrônicos,2,997.75,1995.5
2023-12-25,Notebook,Eletrônicos,5,3827.45,19137.25
2023-11-22,Teclado,Acessórios,3,165.77,497.31000000000006
2023-11-27,Notebook,Eletrônicos,3,3206.88,9620.64
2023-10-12,Mouse,Acessórios,2,80.76,161.52
2023-05-05,Cadeira,Móveis,4,862.16,3448.64
2023-02-01,Monitor,Eletrônicos,2,978.46,1956.92
2023-03-12,Teclado,Acessórios,5,146.02,730.1
2023-12-26,Cadeira,Móveis,3,801.25,2403.75
2023-03-30,Monitor,Eletrônicos,2,1300.99,2601.98
2023-08-26,Notebook,Eletrônicos,4,4038.82,16155.28
2023-12-19,Notebook,Eletrônicos,4,2825.32,11301.28
2023-04-08,Mouse,Acessórios,5,74.36,371.8
2023-08-24,Mouse,Acessórios,3,65.71,197.13
2023-11-22,Teclado,Acessórios,3,157.14,471.41999999999996
2023-07-19,Monitor,Eletrônicos,3,1080.31,3240.93
2023-12-03,Mouse,Acessórios,5,92.01,460.05
2023-05-22,Notebook,Eletrônicos,3,3557.16,10671.48
2023-11-21,Mouse,Acessórios,5,68.58,342.9
2023-06-16,Mesa,Móveis,4,1393.3,5573.2
2023-11-27,Mouse,Acessórios,3,90.28,270.84000000000003
2023-11-20,Cadeira,Móveis,2,967.42,1934.84
2023-07-08,Notebook,Eletrônicos,1,3945.62,3945.62
2023-12-13,Monitor,Eletrônicos,4,1323.99,5295.96
2023-05-30,Mouse,Acessórios,5,66.47,332.35
2023-10-03,Teclado,Acessórios,2,153.18,306.36
2023-07-15,Mesa,Móveis,3,1402.23,4206.6900000000005
2023-12-12,Mouse,Acessórios,1,68.37,68.37
2023-06-22,Notebook,Eletrônicos,1,3468.09,3468.09
2023-11-19,Monitor,Eletrônicos,2,1272.84,2545.68
2023-03-29,Notebook,Eletrônicos,4,3440.3,13761.2
2023-07-04,Mouse,Acessórios,4,66.52,266.08
2023-12-30,Notebook,Eletrônicos,3,3438.23,10314.69
2023-09-13,Monitor,Eletrônicos,2,1175.43,2350.86
2023-05-25,Cadeira,Móveis,4,722.19,2888.76
2023-06-24,Monitor,Eletrônicos,4,1214.05,4856.2
2023-05-16,Cadeira,Móveis,4,886.87,3547.48
2023-02-18,Teclado,Acessórios,4,158.7,634.8
2023-01-10,Monitor,Eletrônicos,2,1179.52,2359.04
2023-12-23,Monitor,Eletrônicos,5,1233.34,6166.7
2023-02-26,Mouse,Acessórios,2,91.92,183.84
2023-05-26,Notebook,Eletrônicos,4,2918.47,11673.88
2023-07-01,Monitor,Eletrônicos,2,978.14,1956.28
2023-07-10,Notebook,Eletrônicos,2,3100.9,6201.8
2023-05-30,Mouse,Acessórios,3,75.41,226.23
2023-01-06,Teclado,Acessórios,1,156.6,156.6
2023-05-20,Monitor,Eletrônicos,4,1352.67,5410.68
2023-04-10,Monitor,Eletrônicos,3,1403.26,4209.78
2023-09-05,Mesa,Móveis,4,1184.77,4739.08
2023-01-09,Cadeira,Móveis,4,1063.96,4255.84
2023-08-02,Mouse,Acessórios,3,94.58,283.74
2023-01-07,Monitor,Eletrônicos,5,1233.83,6169.15
2023-08-10,Notebook,Eletrônicos,3,3204.24,9612.72
2023-12-12,Monitor,Eletrônicos,5,1276.23,6381.15
2023-08-13,Mouse,Acessórios,4,80.0,320.0
2023-01-17,Mesa,Móveis,4,1468.24,5872.96
2023-08-13,Cadeira,Móveis,2,868.09,1736.18
2023-03-20,Mesa,Móveis,5,1096.9,5484.5
2023-05-15,Monitor,Eletrônicos,1,1000.06,1000.06
2023-06-10,Mouse,Acessórios,4,75.33,301.32
2023-05-14,Notebook,Eletrônicos,1,3920.63,3920.63
2023-04-14,Cadeira,Móveis,4,968.65,3874.6
2023-02-14,Cadeira,Móveis,5,933.77,4668.85
2023-06-08,Cadeira,Móveis,4,795.04,3180.16
2023-05-21,Mouse,Acessórios,4,71.58,286.32
2023-10-06,Mouse,Acessórios,1,90.29,90.29
2023-10-31,Teclado,Acessórios,4,152.48,609.92
2023-09-30,Mouse,Acessórios,4,88.77,355.08
2023-01-21,Teclado,Acessórios,4,167.38,669.52
2023-10-30,Mouse,Acessórios,3,85.21,255.63
2023-06-04,Mouse,Acessórios,4,69.63,278.52
2023-12-11,Cadeira,Móveis,2,829.94,1659.88
2023-06-10,Monitor,Eletrônicos,3,1116.3,3348.8999999999996
2023-06-30,Cadeira,Móveis,5,830.73,4153.65
2023-06-14,Cadeira,Móveis,2,934.07,1868.14
2023-07-17,Monitor,Eletrônicos,4,1044.97,4179.88
2023-02-06,Cadeira,Móveis,2,975.72,1951.44
2023-01-01,Teclado,Acessórios,4,148.41,593.64
2023-09-10,Mesa,Móveis,2,1130.48,2260.96
2023-05-02,Mouse,Acessórios,1,80.47,80.47
2023-03-11,Teclado,Acessórios,2,123.96,247.92
2023-10-05,Notebook,Eletrônicos,3,4094.16,12282.48
2023-10-16,Notebook,Eletrônicos,3,3672.56,11017.68
2023-05-15,Mouse,Acessórios,3,72.29,216.87
2023-02-03,Mesa,Móveis,3,1452.27,4356.8099999999995
2023-07-03,Cadeira,Móveis,1,835.12,835.12
2023-06-15,Notebook,Eletrônicos,5,2814.36,14071.800000000001
2023-07-13,Mouse,Acessórios,5,65.14,325.7
2023-06-24,Mouse,Acessórios,5,65.13,325.65
2023-08-26,Monitor,Eletrônicos,3,1079.35,3238.0499999999997
2023-01-10,Notebook,Eletrônicos,2,3506.64,7013.28
2023-08-02,Teclado,Acessórios,4,120.11,480.44
2023-11-02,Mouse,Acessórios,5,91.11,455.55
2023-12-05,Mesa,Móveis,3,1255.59,3766.7699999999995
2023-09-27,Monitor,Eletrônicos,5,1026.06,5130.299999999999
2023-04-16,Cadeira,Móveis,1,973.16,973.16
2023-05-18,Monitor,Eletrônicos,5,1333.51,6667.55
2023-04-09,Teclado,Acessórios,3,126.88,380.64
2023-11-19,Mesa,Móveis,4,1308.49,5233.96
2023-10-07,Mouse,Acessórios,5,66.27,331.34999999999997
2023-10-06,Mouse,Acessórios,4,80.9,323.6
2023-02-04,Mesa,Móveis,2,1175.71,2351.42
2023-01-16,Mouse,Acessórios,5,66.5,332.5
2023-02-13,Teclado,Acessórios,5,142.6,713.0
2023-09-23,Mouse,Acessórios,2,73.54,147.08
2023-08-03,Cadeira,Móveis,4,766.05,3064.2
2023-07-18,Mouse,Acessórios,5,69.72,348.6
2023-02-23,Notebook,Eletrônicos,2,3221.75,6443.5
2023-01-09,Mesa,Móveis,5,1269.57,6347.849999999999
2023-11-19,Mouse,Acessórios,4,88.46,353.84
2023-01-26,Monitor,Eletrônicos,1,1427.64,1427.64
2023-02-23,Mesa,Móveis,4,1043.38,4173.52
2023-01-07,Monitor,Eletrônicos,5,1204.52,6022.6
2023-12-15,Cadeira,Móveis,5,761.34,3806.7000000000003
2023-04-16,Teclado,Acessórios,1,140.35,140.35
2023-06-28,Notebook,Eletrônicos,1,3570.6,3570.6
2023-02-03,Cadeira,Móveis,4,1024.6,4098.4
2023-07-29,Teclado,Acessórios,5,120.54,602.7
2023-07-12,Cadeira,Móveis,3,936.51,2809.5299999999997
2023-05-07,Mesa,Móveis,1,1397.5,1397.5
2023-02-22,Mouse,Acessórios,4,91.56,366.24
2023-07-13,Mouse,Acessórios,4,82.77,331.08
2023-07-31,Monitor,Eletrônicos,2,1009.47,2018.94
2023-01-01,Notebook,Eletrônicos,4,2979.21,11916.84
2023-06-21,Monitor,Eletrônicos,5,1210.18,6050.900000000001
2023-09-30,Cadeira,Móveis,3,758.43,2275.29
2023-03-28,Mouse,Acessórios,4,68.63,274.52
2023-10-31,Teclado,Acessórios,5,157.42,787.0999999999999
2023-04-30,Mesa,Móveis,1,1472.58,1472.58
2023-05-12,Teclado,Acessórios,2,150.32,300.64
2023-05-29,Mesa,Móveis,4,1349.12,5396.48
2023-09-01,Cadeira,Móveis,4,929.36,3717.44
2023-01-24,Mesa,Móveis,2,1227.99,2455.98
2023-09-17,Cadeira,Móveis,5,845.2,4226.0
2023-02-09,Mouse,Acessórios,2,94.09,188.18
2023-09-27,Cadeira,Móveis,4,927.25,3709.0
2023-10-30,Cadeira,Móveis,5,1030.19,5150.950000000001
2023-10-21,Cadeira,Móveis,2,1068.24,2136.48
2023-05-14,Cadeira,Móveis,3,770.94,2312.82
2023-11-29,Cadeira,Móveis,1,803.43,803.43
2023-01-07,Monitor,Eletrônicos,4,1413.18,5652.72
2023-04-29,Notebook,Eletrônicos,2,3461.33,6922.66
2023-01-28,Cadeira,Móveis,4,949.41,3797.64
2023-09-04,Teclado,Acessórios,3,152.45,457.34999999999997
2023-01-05,Cadeira,Móveis,2,1075.56,2151.12
2023-10-27,Cadeira,Móveis,5,890.51,4452.55
2023-11-05,Cadeira,Móveis,4,870.59,3482.36
2023-04-11,Mouse,Acessórios,5,92.44,462.2
2023-08-22,Notebook,Eletrônicos,1,3256.21,3256.21
2023-09-03,Notebook,Eletrônicos,5,3796.24,18981.199999999997
2023-09-14,Notebook,Eletrônicos,1,3187.91,3187.91
2023-10-20,Teclado,Acessórios,1,135.71,135.71
2023-05-02,Mesa,Móveis,5,1407.66,7038.3
2023-06-24,Monitor,Eletrônicos,2,1017.25,2034.5
2023-08-01,Monitor,Eletrônicos,4,1092.07,4368.28
2023-08-07,Notebook,Eletrônicos,1,2835.6,2835.6
2023-06-16,Monitor,Eletrônicos,2,960.35,1920.7
2023-07-12,Notebook,Eletrônicos,5,4102.87,20514.35
2023-12-17,Mouse,Acessórios,4,88.86,355.44
2023-03-27,Mesa,Móveis,5,1559.06,7795.299999999999
2023-01-23,Mesa,Móveis,2,1342.91,2685.82
2023-04-22,Mouse,Acessórios,4,85.17,340.68
2023-04-12,Teclado,Acessórios,4,152.39,609.56
2023-06-28,Mesa,Móveis,4,1535.55,6142.2
2023-04-02,Notebook,Eletrônicos,4,2927.28,11709.12
2023-03-25,Notebook,Eletrônicos,2,3544.18,7088.36
2023-04-04,Mouse,Acessórios,4,91.93,367.72
2023-11-06,Mouse,Acessórios,2,64.57,129.14
2023-04-03,Teclado,Acessórios,5,178.16,890.8
2023-01-23,Cadeira,Móveis,2,950.75,1901.5
2023-06-23,Cadeira,Móveis,3,757.25,2271.75
2023-04-03,Notebook,Eletrônicos,3,3118.39,9355.17
2023-07-26,Cadeira,Móveis,2,879.95,1759.9
2023-03-22,Mouse,Acessórios,1,71.44,71.44
2023-02-20,Cadeira,Móveis,2,975.53,1951.06
2023-01-12,Mouse,Acessórios,2,93.65,187.3
2023-09-18,Cadeira,Móveis,5,986.03,4930.15
2023-07-20,Cadeira,Móveis,4,944.8,3779.2
2023-07-17,Monitor,Eletrônicos,5,1194.86,5974.299999999999
2023-09-28,Mouse,Acessórios,5,75.29,376.45000000000005
2023-05-27,Mesa,Móveis,5,1455.71,7278.55
2023-06-20,Mesa,Móveis,1,1356.8,1356.8
2023-02-20,Cadeira,Móveis,3,804.17,2412.5099999999998
2023-12-01,Teclado,Acessórios,4,173.3,693.2
2023-11-22,Notebook,Eletrônicos,5,3086.91,15434.55
2023-04-20,Notebook,Eletrônicos,1,4026.83,4026.83
2023-07-12,Mouse,Acessórios,3,80.32,240.95999999999998
2023-10-06,Teclado,Acessórios,1,144.5,144.5
2023-03-25,Teclado,Acessórios,2,162.66,325.32
2023-01-17,Notebook,Eletrônicos,4,3689.47,14757.88
2023-08-23,Notebook,Eletrônicos,4,3331.49,13325.96
2023-08-21,Notebook,Eletrônicos,2,4071.33,8142.66
2023-01-21,Notebook,Eletrônicos,3,4023.66,12070.98
2023-07-18,Cadeira,Móveis,3,851.49,2554.4700000000003
2023-02-02,Teclado,Acessórios,2,125.33,250.66
2023-04-22,Mesa,Móveis,5,1355.02,6775.1
2023-09-15,Mesa,Móveis,1,1482.15,1482.15
2023-01-26,Mouse,Acessórios,2,76.17,152.34
2023-06-06,Teclado,Acessórios,4,162.19,648.76
2023-03-07,Cadeira,Móveis,5,970.03,4850.15
2023-03-28,Notebook,Eletrônicos,4,4112.78,16451.12
2023-11-09,Teclado,Acessórios,1,159.25,159.25
2023-06-26,Notebook,Eletrônicos,3,3664.57,10993.710000000001
2023-04-05,Mouse,Acessórios,2,92.87,185.74
2023-11-05,Notebook,Eletrônicos,1,3295.25,3295.25
2023-11-20,Monitor,Eletrônicos,5,1350.71,6753.55
2023-06-23,Monitor,Eletrônicos,1,1225.54,1225.54
2023-05-25,Cadeira,Móveis,3,920.01,2760.0299999999997
2023-12-25,Teclado,Acessórios,1,169.08,169.08
2023-04-08,Cadeira,Móveis,4,770.97,3083.88
2023-10-26,Notebook,Eletrônicos,5,3331.3,16656.5
2023-09-02,Mesa,Móveis,2,1456.62,2913.24
2023-02-14,Mouse,Acessórios,2,81.63,163.26
2023-12-06,Notebook,Eletrônicos,3,4126.83,12380.49
2023-11-30,Monitor,Eletrônicos,3,1326.42,3979.26
2023-12-14,Notebook,Eletrônicos,1,3047.9,3047.9
2023-08-21,Cadeira,Móveis,3,895.19,2685.57
2023-12-25,Teclado,Acessórios,5,138.2,691.0
2023-08-17,Notebook,Eletrônicos,2,3563.39,7126.78
2023-02-09,Monitor,Eletrônicos,5,1382.58,6912.9
2023-05-05,Mouse,Acessórios,2,90.03,180.06
2023-11-25,Monitor,Eletrônicos,4,1309.5,5238.0
2023-04-25,Cadeira,Móveis,3,919.93,2759.79
2023-04-07,Cadeira,Móveis,4,1012.38,4049.52
2023-11-25,Monitor,Eletrônicos,1,1225.21,1225.21
2023-07-09,Mouse,Acessórios,5,64.64,323.2
2023-11-27,Monitor,Eletrônicos,5,1115.92,5579.6
2023-11-10,Mesa,Móveis,2,1329.37,2658.74
2023-04-11,Mesa,Móveis,1,1156.74,1156.74
2023-06-26,Cadeira,Móveis,1,1003.72,1003.72
2023-06-25,Teclado,Acessórios,4,170.02,680.08
2023-08-06,Monitor,Eletrônicos,3,1215.29,3645.87
2023-09-05,Mouse,Acessórios,5,68.72,343.6
2023-09-08,Mouse,Acessórios,4,90.96,363.84
2023-02-24,Notebook,Eletrônicos,2,3420.84,6841.68
2023-10-24,Teclado,Acessórios,2,174.92,349.84
2023-06-13,Monitor,Eletrônicos,2,1393.83,2787.66
2023-02-12,Teclado,Acessórios,3,139.22,417.65999999999997
2023-04-30,Teclado,Acessórios,4,164.62,658.48
2023-04-19,Mouse,Acessórios,3,78.7,236.10000000000002
2023-01-29,Monitor,Eletrônicos,2,984.79,1969.58
2023-12-20,Mesa,Móveis,3,1300.91,3902.7300000000005
2023-04-24,Mesa,Móveis,3,1421.95,4265.85
2023-06-24,Mouse,Acessórios,1,88.2,88.2
2023-12-28,Mouse,Acessórios,2,68.39,136.78
2023-03-20,Mesa,Móveis,1,1372.85,1372.85
2023-10-08,Mouse,Acessórios,3,69.64,208.92000000000002
2023-06-30,Cadeira,Móveis,4,852.54,3410.16
2023-03-14,Teclado,Acessórios,5,155.71,778.5500000000001
2023-11-16,Teclado,Acessórios,2,172.9,345.8
2023-07-14,Teclado,Acessórios,1,159.04,159.04
2023-09-15,Mesa,Móveis,1,1184.2,1184.2
2023-01-25,Mouse,Acessórios,5,84.87,424.35
2023-06-28,Monitor,Eletrônicos,3,1047.64,3142.92
2023-08-12,Cadeira,Móveis,4,856.88,3427.52
2023-06-16,Mouse,Acessórios,1,73.17,73.17
2023-09-12,Mouse,Acessórios,3,82.64,247.92000000000002
2023-12-24,Mesa,Móveis,1,1391.52,1391.52
2023-03-05,Mouse,Acessórios,2,91.19,182.38
2023-05-28,Mesa,Móveis,1,1202.14,1202.14
2023-06-25,Mouse,Acessórios,1,79.83,79.83
2023-10-12,Mesa,Móveis,3,1487.37,4462.11
2023-10-16,Mouse,Acessórios,5,90.92,454.6
2023-05-22,Mouse,Acessórios,2,85.75,171.5
2023-02-09,Monitor,Eletrônicos,1,1031.84,1031.84
2023-07-09,Teclado,Acessórios,1,170.26,170.26
2023-08-14,Mesa,Móveis,5,1371.36,6856.799999999999
2023-07-27,Monitor,Eletrônicos,1,1389.41,1389.41
2023-05-15,Teclado,Acessórios,3,176.73,530.1899999999999
2023-02-12,Mesa,Móveis,2,1056.32,2112.64
2023-06-05,Notebook,Eletrônicos,3,4043.86,12131.58
2023-10-03,Notebook,Eletrônicos,5,3157.89,15789.449999999999
2023-11-12,Mouse,Acessórios,3,72.32,216.95999999999998
2023-02-07,Mesa,Móveis,3,1049.13,3147.3900000000003
2023-06-10,Monitor,Eletrônicos,1,1261.96,1261.96
2023-08-22,Teclado,Acessórios,2,136.59,273.18
2023-11-25,Notebook,Eletrônicos,3,3153.62,9460.86
2023-07-25,Mesa,Móveis,5,1237.36,6186.799999999999
2023-12-13,Mouse,Acessórios,2,93.16,186.32
2023-01-24,Mouse,Acessórios,3,71.37,214.11
2023-06-02,Mesa,Móveis,1,1498.84,1498.84
2023-04-07,Mesa,Móveis,2,1486.05,2972.1
2023-11-30,Mesa,Móveis,4,1233.82,4935.28
2023-07-22,Mesa,Móveis,2,1212.06,2424.12
2023-06-20,Cadeira,Móveis,5,847.61,4238.05
2023-05-15,Cadeira,Móveis,5,909.3,4546.5
2023-03-31,Teclado,Acessórios,5,147.74,738.7
2023-05-10,Cadeira,Móveis,2,745.79,1491.58
2023-05-05,Mouse,Acessórios,2,93.54,187.08
2023-07-25,Mouse,Acessórios,4,91.56,366.24
2023-05-02,Mesa,Móveis,2,1124.43,2248.86
2023-04-29,Cadeira,Móveis,4,950.97,3803.88
2023-06-13,Notebook,Eletrônicos,5,3919.07,19595.350000000002
2023-07-21,Mesa,Móveis,4,1382.1,5528.4
2023-01-31,Mouse,Acessórios,5,88.26,441.3
2023-02-25,Cadeira,Móveis,5,860.92,4304.599999999999
2023-03-27,Mesa,Móveis,5,1143.48,5717.4
2023-07-05,Cadeira,Móveis,3,805.02,2415.06
2023-06-18,Monitor,Eletrônicos,5,967.16,4835.8
2023-06-09,Teclado,Acessórios,1,140.27,140.27
2023-09-30,Monitor,Eletrônicos,1,1245.05,1245.05
2023-06-19,Notebook,Eletrônicos,1,4190.56,4190.56
2023-11-28,Notebook,Eletrônicos,4,4117.06,16468.24
2023-09-11,Monitor,Eletrônicos,1,992.43,992.43
2023-02-19,Mesa,Móveis,1,1273.45,1273.45
2023-10-05,Notebook,Eletrônicos,5,3058.84,15294.2
2023-09-12,Cadeira,Móveis,5,770.53,3852.6499999999996
2023-05-06,Monitor,Eletrônicos,5,1272.28,6361.4
2023-11-07,Cadeira,Móveis,5,1062.72,5313.6
2023-02-26,Cadeira,Móveis,2,889.88,1779.76
2023-07-22,Mouse,Acessórios,5,89.61,448.05
2023-07-03,Mouse,Acessórios,1,80.96,80.96
2023-05-01,Monitor,Eletrônicos,5,1101.1,5505.5
2023-11-16,Notebook,Eletrônicos,1,3186.53,3186.53
2023-07-01,Teclado,Acessórios,4,175.87,703.48
2023-12-25,Mesa,Móveis,2,1258.79,2517.58
2023-12-15,Teclado,Acessórios,1,126.67,126.67
2023-08-01,Teclado,Acessórios,1,161.87,161.87
2023-03-15,Mouse,Acessórios,4,69.73,278.92
2023-04-20,Teclado,Acessórios,5,168.18,840.9000000000001
2023-10-13,Mouse,Acessórios,3,64.89,194.67000000000002
2023-05-19,Cadeira,Móveis,1,920.71,920.71
2023-01-19,Teclado,Acessórios,5,124.45,622.25
2023-05-30,Cadeira,Móveis,1,789.79,789.79
2023-11-17,Mesa,Móveis,4,1307.06,5228.24
2023-04-11,Teclado,Acessórios,3,131.16,393.48
2023-09-06,Mesa,Móveis,5,1184.08,5920.4
2023-12-30,Mouse,Acessórios,3,69.74,209.21999999999997
2023-07-24,Monitor,Eletrônicos,3,1187.6,3562.7999999999997
2023-12-19,Monitor,Eletrônicos,4,1036.67,4146.68
2023-02-22,Notebook,Eletrônicos,4,3194.86,12779.44
2023-09-20,Monitor,Eletrônicos,3,1119.81,3359.43
2023-02-23,Mouse,Acessórios,1,87.78,87.78
2023-01-17,Teclado,Acessórios,1,148.84,148.84
2023-10-27,Monitor,Eletrônicos,3,1007.59,3022.77
2023-02-10,Mouse,Acessórios,4,90.29,361.16
2023-08-11,Mouse,Acessórios,1,92.27,92.27
2023-07-23,Mesa,Móveis,3,1216.8,3650.3999999999996
2023-04-04,Cadeira,Móveis,5,966.51,4832.55
2023-11-08,Mouse,Acessórios,5,86.12,430.6
2023-03-29,Monitor,Eletrônicos,4,1139.63,4558.52
2023-11-07,Mesa,Móveis,4,1104.89,4419.56
2023-09-24,Monitor,Eletrônicos,4,1067.78,4271.12
2023-02-15,Mouse,Acessórios,3,71.3,213.89999999999998
2023-04-20,Mesa,Móveis,4,1302.51,5210.04
2023-03-24,Cadeira,Móveis,1,814.71,814.71
2023-04-30,Mouse,Acessórios,3,78.62,235.86
2023-05-07,Notebook,Eletrônicos,3,3426.03,10278.09
2023-12-22,Notebook,Eletrônicos,5,4022.54,20112.7
2023-12-24,Notebook,Eletrônicos,5,2851.0,14255.0
2023-10-21,Notebook,Eletrônicos,1,3689.5,3689.5
2023-01-08,Mouse,Acessórios,1,87.2,87.2
2023-07-10,Monitor,Eletrônicos,2,1202.49,2404.98
2023-06-06,Cadeira,Móveis,2,780.39,1560.78
2023-06-07,Monitor,Eletrônicos,3,1300.49,3901.4700000000003
2023-09-01,Cadeira,Móveis,1,906.7,906.7
2023-12-12,Cadeira,Móveis,4,879.52,3518.08
2023-01-17,Monitor,Eletrônicos,1,1214.8,1214.8
2023-11-13,Notebook,Eletrônicos,3,3802.85,11408.55
2023-08-24,Notebook,Eletrônicos,1,3008.73,3008.73
2023-08-12,Teclado,Acessórios,5,136.39,681.9499999999999
2023-02-21,Mouse,Acessórios,4,93.18,372.72
2023-11-01,Notebook,Eletrônicos,3,4079.6,12238.8
2023-06-07,Teclado,Acessórios,1,131.1,131.1
2023-04-18,Monitor,Eletrônicos,1,1355.3,1355.3
2023-03-12,Mouse,Acessórios,2,88.45,176.9
2023-10-06,Monitor,Eletrônicos,3,1283.47,3850.41
2023-06-26,Cadeira,Móveis,2,874.03,1748.06
2023-01-21,Cadeira,Móveis,5,1026.24,5131.2
2023-12-09,Mouse,Acessórios,3,84.31,252.93
2023-05-25,Monitor,Eletrônicos,5,1271.04,6355.2
2023-08-23,Mouse,Acessórios,3,72.2,216.60000000000002
2023-02-27,Mesa,Móveis,5,1112.16,5560.8
2023-02-11,Monitor,Eletrônicos,2,1109.93,2219.86
2023-11-28,Mouse,Acessórios,5,68.63,343.15
2023-06-22,Teclado,Acessórios,1,148.5,148.5
2023-07-17,Monitor,Eletrônicos,2,1245.46,2490.92
2023-07-19,Mesa,Móveis,3,1444.13,4332.39
2023-03-12,Monitor,Eletrônicos,3,1126.07,3378.21
2023-12-17,Mouse,Acessórios,4,90.65,362.6
2023-07-26,Cadeira,Móveis,3,786.14,2358.42
2023-12-05,Notebook,Eletrônicos,3,3165.61,9496.83
2023-10-22,Mesa,Móveis,1,1496.74,1496.74
2023-10-25,Cadeira,Móveis,3,782.8,2348.3999999999996
2023-10-24,Mesa,Móveis,1,1488.23,1488.23
2023-09-25,Mesa,Móveis,1,1533.73,1533.73
2023-06-18,Monitor,Eletrônicos,1,1127.39,1127.39
2023-02-25,Mouse,Acessórios,2,79.7,159.4
2023-01-21,Cadeira,Móveis,2,905.71,1811.42
2023-04-07,Monitor,Eletrônicos,4,1438.75,5755.0
2023-09-12,Notebook,Eletrônicos,2,3125.63,6251.26
2023-12-11,Mesa,Móveis,1,1164.3,1164.3
2023-07-18,Mesa,Móveis,3,1415.06,4245.18
2023-07-15,Mouse,Acessórios,2,83.96,167.92
2023-04-14,Monitor,Eletrônicos,3,1174.89,3524.67
2023-12-15,Mesa,Móveis,4,1434.36,5737.44
2023-04-15,Mesa,Móveis,5,1197.57,5987.849999999999
2023-01-01,Monitor,Eletrônicos,1,1363.59,1363.59
2023-07-27,Mesa,Móveis,2,1226.38,2452.76
2023-05-22,Notebook,Eletrônicos,2,2850.77,5701.54
2023-12-26,Mouse,Acessórios,3,85.88,257.64
2023-03-27,Mesa,Móveis,5,1119.68,5598.400000000001
2023-06-29,Teclado,Acessórios,1,154.88,154.88
2023-07-29,Teclado,Acessórios,1,151.38,151.38
2023-12-21,Mesa,Móveis,3,1465.98,4397.9400000000005
2023-08-11,Teclado,Acessórios,2,135.84,271.68
2023-02-19,Teclado,Acessórios,1,121.88,121.88
2023-03-17,Teclado,Acessórios,2,150.58,301.16
2023-01-25,Teclado,Acessórios,4,178.16,712.64
2023-08-03,Cadeira,Móveis,1,831.38,831.38
2023-06-19,Notebook,Eletrônicos,3,3017.18,9051.539999999999
2023-08-20,Notebook,Eletrônicos,3,3035.27,9105.81
2023-06-27,Mouse,Acessórios,4,76.89,307.56
2023-03-11,Mesa,Móveis,2,1376.06,2752.12
2023-10-05,Cadeira,Móveis,1,1019.31,1019.31
2023-09-08,Monitor,Eletrônicos,4,1364.21,5456.84
2023-10-28,Notebook,Eletrônicos,4,2992.72,11970.88
2023-08-02,Mouse,Acessórios,3,77.84,233.52
2023-02-14,Cadeira,Móveis,2,800.74,1601.48
2023-01-27,Mouse,Acessórios,5,80.32,401.59999999999997
2023-11-03,Monitor,Eletrônicos,1,1366.03,1366.03
2023-11-13,Teclado,Acessórios,4,165.62,662.48
2023-07-01,Monitor,Eletrônicos,5,1193.85,5969.25
2023-12-25,Mouse,Acessórios,3,82.31,246.93
2023-11-03,Cadeira,Móveis,5,893.1,4465.5
2023-02-20,Mesa,Móveis,5,1382.49,6912.45
2023-05-01,Notebook,Eletrônicos,1,3016.6,3016.6
2023-07-16,Notebook,Eletrônicos,2,3126.63,6253.26
2023-05-30,Teclado,Acessórios,4,133.66,534.64
2023-12-22,Notebook,Eletrônicos,2,3857.81,7715.62
2023-10-01,Teclado,Acessórios,3,175.95,527.8499999999999
2023-01-10,Monitor,Eletrônicos,3,1054.01,3162.0299999999997
2023-05-05,Teclado,Acessórios,5,141.5,707.5
2023-12-30,Teclado,Acessórios,1,140.85,140.85
2023-10-25,Monitor,Eletrônicos,5,1152.7,5763.5
2023-10-02,Mouse,Acessórios,3,93.93,281.79
2023-03-29,Notebook,Eletrônicos,2,3914.59,7829.18
2023-07-17,Mouse,Acessórios,1,65.65,65.65
2023-04-09,Notebook,Eletrônicos,5,3989.75,19948.75
2023-10-18,Mouse,Acessórios,5,67.82,339.09999999999997
2023-10-14,Cadeira,Móveis,3,1010.96,3032.88
2023-10-03,Teclado,Acessórios,4,123.16,492.64
2023-06-25,Mouse,Acessórios,5,71.37,356.85
2023-07-15,Teclado,Acessórios,3,129.74,389.22
2023-02-08,Teclado,Acessórios,1,170.37,170.37
2023-03-09,Mesa,Móveis,5,1431.69,7158.450000000001
2023-06-29,Mesa,Móveis,3,1510.41,4531.2300000000005
2023-11-17,Mesa,Móveis,4,1521.04,6084.16
2023-02-12,Cadeira,Móveis,2,963.04,1926.08
2023-04-20,Monitor,Eletrônicos,2,1203.38,2406.76
2023-02-26,Mouse,Acessórios,4,66.95,267.8
2023-06-15,Mesa,Móveis,2,1341.69,2683.38
2023-02-20,Teclado,Acessórios,4,122.05,488.2
2023-12-02,Cadeira,Móveis,3,824.61,2473.83
2023-12-19,Notebook,Eletrônicos,1,3907.93,3907.93
2023-08-14,Monitor,Eletrônicos,3,1175.1,3525.2999999999997
2023-06-16,Teclado,Acessórios,3,124.17,372.51
2023-12-08,Monitor,Eletrônicos,1,1322.46,1322.46
2023-08-27,Mouse,Acessórios,2,76.13,152.26
2023-08-18,Mesa,Móveis,3,1217.49,3652.4700000000003
2023-05-22,Cadeira,Móveis,5,865.08,4325.400000000001
2023-01-07,Mouse,Acessórios,1,78.61,78.61
2023-01-13,Teclado,Acessórios,4,120.19,480.76
2023-10-09,Teclado,Acessórios,5,146.54,732.6999999999999
2023-01-26,Monitor,Eletrônicos,5,1000.49,5002.45
2023-11-30,Mesa,Móveis,2,1455.79,2911.58
2023-06-07,Notebook,Eletrônicos,4,3062.54,12250.16
2023-10-03,Teclado,Acessórios,5,160.55,802.75
2023-09-15,Notebook,Eletrônicos,2,3669.06,7338.12
2023-09-14,Monitor,Eletrônicos,5,1202.03,6010.15
2023-07-09,Monitor,Eletrônicos,3,1408.76,4226.28
2023-07-10,Teclado,Acessórios,5,140.07,700.3499999999999
2023-10-01,Mesa,Móveis,5,1121.25,5606.25
2023-11-06,Cadeira,Móveis,1,1020.47,1020.47
2023-03-30,Notebook,Eletrônicos,2,3697.16,7394.32
2023-09-08,Monitor,Eletrônicos,2,961.4,1922.8
2023-11-09,Mesa,Móveis,5,1237.65,6188.25
2023-12-19,Notebook,Eletrônicos,1,2860.05,2860.05
2023-02-28,Cadeira,Móveis,1,817.39,817.39
2023-06-05,Mouse,Acessórios,3,72.15,216.45000000000002
2023-05-02,Cadeira,Móveis,1,1045.26,1045.26
2023-03-23,Teclado,Acessórios,4,171.46,685.84
2023-11-21,Mouse,Acessórios,3,86.06,258.18
2023-11-25,Mouse,Acessórios,2,68.3,136.6
2023-05-09,Cadeira,Móveis,5,767.75,3838.75
2023-07-24,Teclado,Acessórios,4,137.72,550.88
2023-11-04,Teclado,Acessórios,2,177.12,354.24
2023-11-14,Mesa,Móveis,1,1154.71,1154.71
2023-06-09,Notebook,Eletrônicos,1,3637.09,3637.09
2023-10-05,Mesa,Móveis,3,1216.39,3649.17
2023-10-21,Teclado,Acessórios,4,166.72,666.88
2023-08-25,Teclado,Acessórios,4,167.25,669.0
2023-02-02,Mouse,Acessórios,3,82.48,247.44
2023-09-19,Mouse,Acessórios,1,72.33,72.33
2023-06-18,Mesa,Móveis,5,1415.17,7075.85
2023-01-07,Mesa,Móveis,4,1089.8,4359.2
2023-11-03,Notebook,Eletrônicos,2,3355.5,6711.0
2023-05-17,Notebook,Eletrônicos,1,2905.75,2905.75
2023-12-07,Monitor,Eletrônicos,1,1291.19,1291.19
2023-06-25,Monitor,Eletrônicos,3,1080.63,3241.8900000000003
2023-05-28,Monitor,Eletrônicos,1,967.89,967.89
2023-07-31,Monitor,Eletrônicos,5,1366.63,6833.150000000001
2023-02-04,Teclado,Acessórios,4,143.29,573.16
2023-01-11,Mesa,Móveis,1,1242.1,1242.1
2023-10-21,Notebook,Eletrônicos,2,3139.4,6278.8
2023-03-15,Mesa,Móveis,3,1078.05,3234.1499999999996
2023-05-05,Notebook,Eletrônicos,4,2877.89,11511.56
2023-06-14,Teclado,Acessórios,2,138.05,276.1
2023-11-13,Cadeira,Móveis,2,736.29,1472.58
2023-01-29,Teclado,Acessórios,4,137.86,551.44
2023-01-18,Monitor,Eletrônicos,1,1406.26,1406.26
2023-07-08,Teclado,Acessórios,2,136.02,272.04
2023-12-04,Monitor,Eletrônicos,5,1115.61,5578.049999999999
2023-04-13,Cadeira,Móveis,2,827.2,1654.4
2023-07-06,Monitor,Eletrônicos,1,1259.98,1259.98
2023-06-30,Monitor,Eletrônicos,3,1349.4,4048.2000000000003
2023-09-09,Cadeira,Móveis,1,1028.59,1028.59
2023-09-26,Cadeira,Móveis,5,1077.38,5386.900000000001
2023-04-15,Monitor,Eletrônicos,1,1364.4,1364.4
2023-11-29,Teclado,Acessórios,4,164.55,658.2
2023-07-17,Mesa,Móveis,3,1448.99,4346.97
2023-12-24,Notebook,Eletrônicos,5,4028.66,20143.3
2023-03-21,Monitor,Eletrônicos,2,1084.92,2169.84
2023-12-02,Cadeira,Móveis,5,856.29,4281.45
2023-02-06,Teclado,Acessórios,2,139.65,279.3
2023-01-21,Cadeira,Móveis,2,864.78,1729.56
2023-06-25,Mesa,Móveis,4,1312.65,5250.6
2023-07-06,Teclado,Acessórios,4,158.27,633.08
2023-11-29,Mesa,Móveis,1,1491.34,1491.34
2023-03-05,Mouse,Acessórios,1,75.53,75.53
2023-10-14,Notebook,Eletrônicos,5,3383.96,16919.8
2023-02-23,Notebook,Eletrônicos,4,4066.72,16266.88
2023-07-21,Monitor,Eletrônicos,1,991.11,991.11
2023-05-21,Monitor,Eletrônicos,5,976.01,4880.05
2023-06-11,Teclado,Acessórios,4,140.91,563.64
2023-05-01,Notebook,Eletrônicos,4,3932.14,15728.56
2023-04-12,Notebook,Eletrônicos,3,3989.21,11967.630000000001
2023-02-24,Mouse,Acessórios,4,76.89,307.56
2023-04-30,Cadeira,Móveis,5,916.88,4584.4
2023-01-22,Cadeira,Móveis,2,1039.42,2078.84
2023-07-01,Monitor,Eletrônicos,3,1329.66,3988.9800000000005
2023-12-03,Mouse,Acessórios,3,89.82,269.46
2023-04-29,Teclado,Acessórios,3,170.65,511.95000000000005
2023-12-16,Mesa,Móveis,4,1549.35,6197.4
2023-08-27,Teclado,Acessórios,1,158.12,158.12
2023-11-28,Notebook,Eletrônicos,3,3775.92,11327.76
2023-06-23,Teclado,Acessórios,5,139.07,695.3499999999999
2023-01-16,Teclado,Acessórios,5,127.49,637.4499999999999
2023-05-03,Cadeira,Móveis,2,725.85,1451.7
2023-03-27,Teclado,Acessórios,4,156.81,627.24
2023-11-03,Cadeira,Móveis,5,949.33,4746.650000000001
2023-02-21,Mouse,Acessórios,5,82.77,413.84999999999997
2023-05-23,Mesa,Móveis,5,1238.58,6192.9
2023-01-22,Teclado,Acessórios,3,131.57,394.71
2023-08-03,Mesa,Móveis,3,1304.06,3912.18
2023-05-13,Mesa,Móveis,1,1408.49,1408.49
2023-12-19,Notebook,Eletrônicos,1,3772.09,3772.09
2023-08-07,Cadeira,Móveis,2,760.41,1520.82
2023-10-29,Notebook,Eletrônicos,3,3717.96,11153.880000000001
2023-03-15,Cadeira,Móveis,3,1015.47,3046.41
2023-11-19,Mouse,Acessórios,2,77.86,155.72
2023-11-03,Mouse,Acessórios,3,69.04,207.12
2023-07-06,Monitor,Eletrônicos,5,1121.78,5608.9
2023-09-03,Mesa,Móveis,3,1443.32,4329.96
2023-05-28,Mouse,Acessórios,2,95.62,191.24
2023-12-04,Mesa,Móveis,1,1511.3,1511.3
2023-12-10,Monitor,Eletrônicos,5,1170.44,5852.200000000001
2023-05-16,Mesa,Móveis,5,1406.79,7033.95
2023-06-12,Monitor,Eletrônicos,2,1136.82,2273.64
2023-08-30,Mesa,Móveis,3,1114.47,3343.41
2023-01-29,Notebook,Eletrônicos,5,3212.02,16060.1
2023-04-29,Mouse,Acessórios,3,74.65,223.95000000000002
2023-09-29,Teclado,Acessórios,2,179.42,358.84
2023-06-11,Cadeira,Móveis,4,853.46,3413.84
2023-02-28,Monitor,Eletrônicos,3,981.78,2945.34
2023-09-03,Teclado,Acessórios,2,145.51,291.02
2023-08-27,Cadeira,Móveis,1,1021.11,1021.11
2023-10-16,Notebook,Eletrônicos,2,3388.57,6777.14
2023-05-23,Monitor,Eletrônicos,2,1229.05,2458.1
2023-08-18,Notebook,Eletrônicos,3,4106.01,12318.03
2023-01-05,Cadeira,Móveis,5,1009.75,5048.75
2023-11-06,Cadeira,Móveis,3,1043.12,3129.3599999999997
2023-05-11,Mesa,Móveis,2,1310.79,2621.58
2023-03-08,Mouse,Acessórios,5,86.11,430.55
2023-04-15,Teclado,Acessórios,4,171.04,684.16
2023-05-20,Teclado,Acessórios,4,157.18,628.72
2023-12-26,Cadeira,Móveis,5,827.63,4138.15
2023-03-29,Mouse,Acessórios,5,87.28,436.4
2023-09-16,Teclado,Acessórios,1,133.59,133.59
2023-10-30,Mouse,Acessórios,4,73.47,293.88
2023-07-18,Monitor,Eletrônicos,4,981.62,3926.48
2023-08-14,Teclado,Acessórios,5,150.74,753.7
2023-01-07,Mesa,Móveis,4,1157.04,4628.16
2023-10-08,Monitor,Eletrônicos,1,1186.36,1186.36
2023-09-28,Cadeira,Móveis,4,880.82,3523.28
2023-07-25,Notebook,Eletrônicos,4,4136.14,16544.56
2023-01-24,Teclado,Acessórios,3,175.15,525.45
2023-09-26,Mouse,Acessórios,1,90.12,90.12
2023-04-07,Teclado,Acessórios,5,143.53,717.65
2023-11-08,Monitor,Eletrônicos,3,1309.07,3927.21
2023-03-31,Notebook,Eletrônicos,5,3528.04,17640.2
2023-02-08,Notebook,Eletrônicos,5,3670.41,18352.05
2023-01-21,Cadeira,Móveis,5,1065.71,5328.55
2023-10-29,Mouse,Acessórios,5,69.97,349.85
2023-06-08,Cadeira,Móveis,1,824.58,824.58
2023-10-13,Cadeira,Móveis,4,1054.66,4218.64
2023-03-24,Notebook,Eletrônicos,4,4124.51,16498.04
2023-03-25,Monitor,Eletrônicos,5,1401.81,7009.049999999999
2023-09-01,Cadeira,Móveis,5,926.59,4632.95
2023-08-11,Mesa,Móveis,3,1210.24,3630.7200000000003
2023-10-14,Notebook,Eletrônicos,5,2860.54,14302.7
2023-11-09,Monitor,Eletrônicos,2,1192.24,2384.48
2023-02-13,Mesa,Móveis,1,1237.87,1237.87
2023-06-21,Notebook,Eletrônicos,5,3166.19,15830.95
2023-01-23,Teclado,Acessórios,2,157.68,315.36
2023-08-09,Mesa,Móveis,4,1294.21,5176.84
2023-08-25,Monitor,Eletrônicos,5,1097.14,5485.700000000001
2023-04-20,Cadeira,Móveis,3,870.01,2610.0299999999997
2023-09-18,Teclado,Acessórios,2,141.65,283.3
2023-05-28,Teclado,Acessórios,5,141.86,709.3000000000001
2023-03-11,Teclado,Acessórios,4,138.57,554.28
2023-06-15,Mesa,Móveis,2,1317.8,2635.6
2023-02-13,Mesa,Móveis,1,1173.8,1173.8
2023-01-27,Cadeira,Móveis,3,1053.59,3160.7699999999995
2023-10-06,Monitor,Eletrônicos,4,1037.58,4150.32
2023-12-26,Notebook,Eletrônicos,2,3056.7,6113.4
2023-02-13,Notebook,Eletrônicos,1,3607.7,3607.7
2023-03-21,Mouse,Acessórios,2,78.48,156.96
2023-08-07,Cadeira,Móveis,4,1040.57,4162.28
2023-07-13,Mesa,Móveis,1,1183.81,1183.81
2023-07-31,Teclado,Acessórios,4,131.81,527.24
2023-03-03,Mouse,Acessórios,1,95.77,95.77
2023-01-19,Teclado,Acessórios,2,143.43,286.86
2023-06-25,Mouse,Acessórios,3,76.05,228.14999999999998
2023-04-19,Cadeira,Móveis,5,945.13,4725.65
2023-12-17,Teclado,Acessórios,2,138.24,276.48
2023-10-25,Notebook,Eletrônicos,3,3782.32,11346.960000000001
2023-09-12,Notebook,Eletrônicos,2,2951.82,5903.64
2023-03-03,Monitor,Eletrônicos,1,1108.72,1108.72
2023-01-12,Cadeira,Móveis,4,754.33,3017.32
2023-09-09,Monitor,Eletrônicos,2,960.11,1920.22
2023-07-14,Monitor,Eletrônicos,3,1045.53,3136.59
2023-06-15,Cadeira,Móveis,2,1008.9,2017.8
2023-03-10,Cadeira,Móveis,3,870.62,2611.86
2023-05-05,Teclado,Acessórios,2,153.7,307.4
2023-05-15,Cadeira,Móveis,4,913.97,3655.88
2023-02-13,Mouse,Acessórios,1,91.77,91.77
2023-02-03,Monitor,Eletrônicos,3,1058.55,3175.6499999999996
2023-03-24,Mesa,Móveis,2,1278.4,2556.8
2023-02-22,Cadeira,Móveis,1,1062.99,1062.99
2023-08-03,Monitor,Eletrônicos,2,1153.87,2307.74
2023-09-10,Notebook,Eletrônicos,1,2908.01,2908.01
2023-08-24,Mouse,Acessórios,1,88.52,88.52
2023-02-17,Notebook,Eletrônicos,1,3014.3,3014.3
2023-05-17,Notebook,Eletrônicos,3,2963.15,8889.45
2023-08-10,Monitor,Eletrônicos,5,1151.26,5756.3
2023-06-09,Monitor,Eletrônicos,1,1354.38,1354.38
2023-01-28,Teclado,Acessórios,5,148.58,742.9000000000001
2023-03-06,Monitor,Eletrônicos,4,1031.07,4124.28
2023-08-24,Mouse,Acessórios,1,90.37,90.37
2023-01-12,Mouse,Acessórios,1,90.95,90.95
2023-05-28,Cadeira,Móveis,4,838.11,3352.44
2023-02-23,Notebook,Eletrônicos,4,3942.77,15771.08
2023-07-23,Cadeira,Móveis,4,896.69,3586.76
2023-06-23,Monitor,Eletrônicos,2,1030.67,2061.34
2023-07-09,Teclado,Acessórios,5,121.99,609.9499999999999
2023-07-22,Mouse,Acessórios,4,78.61,314.44
2023-01-28,Mesa,Móveis,3,1208.9,3626.7000000000003
2023-04-23,Notebook,Eletrônicos,3,4094.53,12283.59
2023-10-18,Teclado,Acessórios,1,160.77,160.77
2023-10-25,Cadeira,Móveis,3,720.72,2162.16
2023-10-05,Mouse,Acessórios,4,66.9,267.6
2023-04-24,Mouse,Acessórios,5,75.9,379.5
2023-04-25,Notebook,Eletrônicos,1,3795.03,3795.03
2023-11-11,Notebook,Eletrônicos,4,3568.17,14272.68
2023-12-21,Mouse,Acessórios,3,95.84,287.52
2023-08-07,Monitor,Eletrônicos,4,1059.77,4239.08
2023-12-05,Monitor,Eletrônicos,4,1296.96,5187.84
2023-10-28,Notebook,Eletrônicos,2,3460.17,6920.34
2023-09-19,Cadeira,Móveis,5,938.91,4694.55
2023-02-11,Mouse,Acessórios,4,82.6,330.4
2023-10-06,Mesa,Móveis,2,1346.74,2693.48
2023-06-17,Cadeira,Móveis,2,984.29,1968.58
2023-09-07,Mouse,Acessórios,3,73.99,221.96999999999997
2023-11-17,Mesa,Móveis,1,1333.4,1333.4
2023-02-07,Teclado,Acessórios,1,125.62,125.62
2023-06-26,Teclado,Acessórios,4,131.27,525.08
2023-10-30,Cadeira,Móveis,1,1029.36,1029.36
2023-11-08,Notebook,Eletrônicos,5,3337.47,16687.35
2023-05-31,Monitor,Eletrônicos,3,1415.31,4245.93
2023-09-02,Cadeira,Móveis,4,904.92,3619.68
2023-12-01,Monitor,Eletrônicos,3,1293.29,3879.87
2023-12-21,Mouse,Acessórios,4,64.23,256.92
2023-07-16,Notebook,Eletrônicos,2,3672.13,7344.26
2023-09-03,Mesa,Móveis,5,1214.79,6073.95
2023-01-18,Notebook,Eletrônicos,4,3192.59,12770.36
2023-05-27,Cadeira,Móveis,4,819.39,3277.56
2023-08-29,Monitor,Eletrônicos,2,1376.16,2752.32
2023-01-01,Teclado,Acessórios,4,172.54,690.16
2023-05-24,Mouse,Acessórios,4,77.65,310.6
2023-02-15,Teclado,Acessórios,2,145.7,291.4
2023-05-20,Mesa,Móveis,2,1431.09,2862.18
2023-08-08,Mesa,Móveis,2,1112.66,2225.32
2023-01-09,Cadeira,Móveis,5,820.13,4100.65
2023-03-21,Monitor,Eletrônicos,4,1403.13,5612.52
2023-11-25,Monitor,Eletrônicos,3,1251.92,3755.76
2023-01-09,Teclado,Acessórios,1,172.07,172.07
2023-01-20,Teclado,Acessórios,3,140.25,420.75
2023-08-02,Notebook,Eletrônicos,4,3022.07,12088.28
2023-09-12,Notebook,Eletrônicos,5,3042.72,15213.599999999999
2023-04-28,Notebook,Eletrônicos,4,3964.84,15859.36
2023-01-14,Mouse,Acessórios,5,83.86,419.3
2023-07-13,Mesa,Móveis,3,1213.11,3639.33
2023-11-09,Mesa,Móveis,1,1338.94,1338.94
2023-03-23,Mesa,Móveis,5,1414.48,7072.4
2023-12-11,Cadeira,Móveis,3,838.23,2514.69
2023-09-20,Mouse,Acessórios,2,89.19,178.38
2023-08-14,Teclado,Acessórios,4,177.42,709.68
2023-07-17,Mesa,Móveis,3,1453.38,4360.14
2023-02-14,Mesa,Móveis,1,1268.29,1268.29
2023-11-09,Notebook,Eletrônicos,3,4030.99,12092.97
2023-11-07,Notebook,Eletrônicos,1,4100.63,4100.63
2023-08-14,Teclado,Acessórios,4,162.44,649.76
2023-03-17,Mouse,Acessórios,4,80.28,321.12
2023-09-20,Teclado,Acessórios,3,120.08,360.24
2023-06-28,Notebook,Eletrônicos,5,2949.98,14749.9
2023-02-21,Mesa,Móveis,5,1201.12,6005.599999999999
2023-02-27,Monitor,Eletrônicos,5,1353.27,6766.35
2023-08-24,Teclado,Acessórios,4,162.28,649.12
2023-07-06,Monitor,Eletrônicos,3,1182.84,3548.5199999999995
2023-05-17,Mesa,Móveis,1,1292.42,1292.42
2023-11-29,Monitor,Eletrônicos,4,1225.34,4901.36
2023-11-04,Notebook,Eletrônicos,2,3626.61,7253.22
2023-04-09,Teclado,Acessórios,4,178.28,713.12
2023-04-26,Mouse,Acessórios,5,83.49,417.45
2023-11-15,Cadeira,Móveis,5,893.78,4468.9
2023-06-06,Mesa,Móveis,2,1234.99,2469.98
2023-02-16,Monitor,Eletrônicos,2,1021.46,2042.92
2023-01-02,Teclado,Acessórios,5,142.7,713.5
2023-11-01,Notebook,Eletrônicos,3,3557.54,10672.619999999999
2023-11-15,Notebook,Eletrônicos,2,3015.64,6031.28
2023-10-11,Teclado,Acessórios,2,139.61,279.22
2023-11-19,Mesa,Móveis,4,1492.5,5970.0
2023-05-10,Teclado,Acessórios,2,154.27,308.54
2023-10-31,Mesa,Móveis,5,1132.95,5664.75
2023-06-16,Notebook,Eletrônicos,3,3724.31,11172.93
2023-01-28,Mouse,Acessórios,5,75.37,376.85
2023-05-05,Monitor,Eletrônicos,2,1338.22,2676.44
2023-01-17,Teclado,Acessórios,3,168.06,504.18
2023-07-04,Mesa,Móveis,3,1298.85,3896.5499999999997
2023-08-13,Notebook,Eletrônicos,2,4107.56,8215.12
2023-01-14,Mouse,Acessórios,5,78.17,390.85
2023-01-08,Teclado,Acessórios,5,161.69,808.45
2023-06-08,Mesa,Móveis,5,1442.49,7212.45
2023-05-24,Teclado,Acessórios,4,145.12,580.48
2023-09-21,Monitor,Eletrônicos,3,1304.34,3913.0199999999995
2023-06-11,Teclado,Acessórios,3,134.1,402.29999999999995
2023-10-05,Monitor,Eletrônicos,3,1148.14,3444.42
2023-11-22,Monitor,Eletrônicos,3,1024.81,3074.43
2023-05-15,Monitor,Eletrônicos,2,1182.67,2365.34
2023-03-27,Mouse,Acessórios,5,72.98,364.90000000000003
2023-03-27,Teclado,Acessórios,5,142.35,711.75
2023-08-20,Teclado,Acessórios,4,142.26,569.04
2023-12-23,Notebook,Eletrônicos,1,2927.41,2927.41
2023-12-23,Cadeira,Móveis,4,947.48,3789.92
2023-11-06,Teclado,Acessórios,5,149.91,749.55
2023-04-11,Mesa,Móveis,5,1201.59,6007.95
2023-06-25,Cadeira,Móveis,1,943.15,943.15
2023-12-01,Teclado,Acessórios,5,144.5,722.5
2023-01-26,Mesa,Móveis,5,1077.99,5389.95
2023-05-25,Teclado,Acessórios,5,135.82,679.0999999999999
2023-11-18,Notebook,Eletrônicos,1,3355.92,3355.92
2023-03-03,Mouse,Acessórios,4,66.75,267.0
2023-10-20,Cadeira,Móveis,1,1075.74,1075.74
2023-03-24,Mesa,Móveis,1,1056.69,1056.69
2023-08-15,Cadeira,Móveis,4,1010.88,4043.52
2023-03-13,Mouse,Acessórios,2,84.4,168.8
2023-07-08,Teclado,Acessórios,5,159.38,796.9
2023-06-12,Teclado,Acessórios,2,174.53,349.06
2023-08-22,Mesa,Móveis,5,1049.98,5249.9
2023-10-02,Mouse,Acessórios,4,92.84,371.36
2023-11-09,Mesa,Móveis,3,1509.04,4527.12
2023-01-10,Monitor,Eletrônicos,4,1013.28,4053.12
2023-10-24,Mouse,Acessórios,5,88.92,444.6
2023-07-30,Notebook,Eletrônicos,1,4094.01,4094.01
2023-11-01,Monitor,Eletrônicos,5,1147.55,5737.75
2023-04-22,Notebook,Eletrônicos,2,2837.65,5675.3
2023-09-11,Mesa,Móveis,3,1393.99,4181.97
2023-05-26,Cadeira,Móveis,2,1074.5,2149.0
2023-06-08,Teclado,Acessórios,2,150.24,300.48
2023-06-29,Notebook,Eletrônicos,3,4137.08,12411.24
2023-04-14,Monitor,Eletrônicos,5,1035.36,5176.799999999999
2023-11-20,Monitor,Eletrônicos,3,1366.92,4100.76
2023-04-13,Monitor,Eletrônicos,1,1238.93,1238.93
2023-12-29,Mouse,Acessórios,2,64.76,129.52
2023-03-17,Teclado,Acessórios,4,133.24,532.96
2023-05-05,Teclado,Acessórios,3,158.29,474.87
2023-10-05,Mesa,Móveis,2,1290.88,2581.76
2023-12-04,Mouse,Acessórios,5,65.24,326.2
2023-08-15,Mesa,Móveis,2,1228.78,2457.56
2023-12-20,Mesa,Móveis,1,1173.67,1173.67
2023-01-23,Notebook,Eletrônicos,4,2913.31,11653.24
2023-02-15,Cadeira,Móveis,2,831.72,1663.44
2023-01-05,Mesa,Móveis,2,1549.27,3098.54
2023-09-06,Mouse,Acessórios,5,88.13,440.65
2023-07-22,Notebook,Eletrônicos,3,3150.15,9450.45
2023-03-12,Cadeira,Móveis,2,973.99,1947.98
2023-01-17,Teclado,Acessórios,1,171.92,171.92
2023-07-30,Mesa,Móveis,1,1254.93,1254.93
2023-04-26,Monitor,Eletrônicos,2,1028.48,2056.96
2023-12-19,Notebook,Eletrônicos,4,3933.78,15735.12
2023-12-26,Mouse,Acessórios,4,64.94,259.76
2023-04-02,Notebook,Eletrônicos,4,3149.6,12598.4
2023-12-13,Notebook,Eletrônicos,4,3088.66,12354.64
2023-08-02,Mesa,Móveis,4,1463.85,5855.4
2023-04-13,Notebook,Eletrônicos,1,3745.57,3745.57
2023-03-02,Monitor,Eletrônicos,1,1032.79,1032.79
2023-03-05,Monitor,Eletrônicos,5,1049.57,5247.849999999999
2023-01-15,Teclado,Acessórios,2,155.01,310.02
2023-05-19,Cadeira,Móveis,1,727.44,727.44
